{
    "baseDate": 1647734400,
    "baseDateOffset": 3600,
    "steps": {
        "Mean_per_15min": 133.28125,
        "Total": 12795.0,
        "12AM-6AM": 10982.0,
        "6AM-12PM": 1813.0,
        "12PM-6PM": 0.0,
        "6PM-12AM": 0.0
    },
    "calories": {
        "total": 2341.25,
        "active": 565,
        "basal": 1776
    },
    "heartRate": {
        "linearTrend": 2.1081777968637177e-05,
        "quadraticTrend": -8.905894815650072e-09,
        "r2": 0.1469491381697141,
        "mean": 66.0,
        "std": 13.024524757759172,
        "maxTime": 42525,
        "minTime": 81225,
        "meanNN": 942.4862654121512,
        "sdNN": 172.9087480026655,
        "sdaNN1": 171.48835564302337,
        "sdNNI1": 15.011434963279424,
        "sdaNN2": 171.36676928264984,
        "sdNNI2": 15.050726814761186,
        "sdaNN5": 170.4056301439377,
        "sdNNI5": 16.126350747660133,
        "medianNN": 5.853373006194943,
        "madNN": 130.46314416177438,
        "hcvNN": 22.28854098717067,
        "iqrNN": 260.6177606177605,
        "pNN50": 1.9200281838999471,
        "pNN20": 17.033644530561915,
        "sdsd": 16.928567385147286,
        "rmssd": 16.928717601113338,
        "cvNN": 0.1834763856834911,
        "cvsd": 0.01796176583402027,
        "tiNN": null,
        "HTI": 20.501805054151625,
        "sd1": 11.971359028239444,
        "sd2": 244.2582400016382,
        "sd1sd2": 20.40355146190614,
        "cvi": 4.670112661879096,
        "csi": 20.40355146190614,
        "csiModified": 19934.942279472183,
        "lf": 883.5188833681507,
        "hf": 43.591721689170825,
        "lf_hf_ratio": 20.268042856119557,
        "lfnu": 95.29810990712639,
        "hfnu": 4.701890092873614,
        "total_power": 10446.777683025812,
        "vlf": 9519.66707796849,
        "GI": 50.35290561833473,
        "SI": 50.30142428877766,
        "AI": 50.40481505983726,
        "PI": 49.79977116704806,
        "C1d": 0.5116628115867133,
        "C1a": 0.48833718841328677,
        "SD1d": 8.563262081020511,
        "SD1a": 8.365794816698044,
        "C2d": 0.499494562759412,
        "C2a": 0.5005054372405882,
        "SD2d": 172.61805688035912,
        "SD2a": 172.79264035463947,
        "Cd": 0.4995237262096552,
        "Ca": 0.5004762737903448,
        "SDNNd": 122.20949844144509,
        "SDNNa": 122.32596429957721,
        "PIP": 0.410459587955626,
        "IALS": 0.33352402745995424,
        "PSS": 0.0008576329331046312,
        "PAS": 0.0,
        "baseline": 46.0,
        "minimum": 43.0,
        "maximum": 127.0
    },
    "spo2": {
        "AV": 96.08984375,
        "MED": 96.0,
        "Min": 92.0,
        "SD": 1.8780533407190378,
        "RG": 8.0,
        "P": 92.85000000000001,
        "M": 4.878048780487805,
        "ZC": 0,
        "DI": 1.1640211640211673,
        "CA": 0.83758544921875,
        "CT": 0.0,
        "POD": 0.46484375,
        "AODmax": 1.25,
        "AOD100": 2.078125,
        "ODI": 42.1875
    },
    "sleep": {
        "duration": 24600.0,
        "startOffset": -3780,
        "unmeasurableSleepDurationInSeconds": 1140.0,
        "deepSleepDurationInSeconds": 3600.0,
        "lightSleepDurationInSeconds": 12060.0,
        "remSleepInSeconds": 7800.0,
        "awakeDurationInSeconds": 0.0
    },
    "respiration": {
        "mean": 12.640102827763496,
        "var": 0.7085202979097385,
        "sdbb": 0.84173647771125,
        "sdsd": 0.12604579466301036,
        "rmssd": 0.12604865839904156,
        "sd1": 0.08924291409754415,
        "sd2": 0.47996924920777423,
        "sd1sd2": 5.378233712574189,
        "ApEn": 0.3460588493626682,
        "SampEn": 0.19505526034022522,
        "DFA_alpha1": 1.461390291075876,
        "DFA_alpha1_ExpRange": 0.5953110028849162,
        "DFA_alpha1_ExpMean": 1.22611936895628,
        "DFA_alpha1_DimRange": 1.0868292015081589,
        "DFA_alpha1_DimMean": 0.7683168385354163,
        "DFA_alpha2": 1.1929776272071861,
        "DFA_alpha2_ExpRange": 37.30687087458215,
        "DFA_alpha2_ExpMean": 19.495577019586207,
        "DFA_alpha2_DimRange": 14.192226910769167,
        "DFA_alpha2_DimMean": 1.9608641818284434
    }
}