{
    "baseDate": 1652313600,
    "baseDateOffset": 7200,
    "steps": {
        "Mean_per_15min": 257.0208333333333,
        "Total": 24674.0,
        "12AM-6AM": 1841.0,
        "6AM-12PM": 3340.0,
        "12PM-6PM": 14271.0,
        "6PM-12AM": 5222.0
    },
    "calories": {
        "total": 2916.25,
        "active": 1140,
        "basal": 1776
    },
    "heartRate": {
        "linearTrend": 0.0002967432290187351,
        "quadraticTrend": -8.974022624479805e-09,
        "r2": 0.2724484480572701,
        "mean": 65.0,
        "std": 16.316931544831725,
        "maxTime": 48765,
        "minTime": 11265,
        "meanNN": 972.2319664072554,
        "sdNN": 223.44009373611007,
        "sdaNN1": 222.1739032843674,
        "sdNNI1": 16.179088014071265,
        "sdaNN2": 222.25460943887282,
        "sdNNI2": 15.915048529282661,
        "sdaNN5": 220.86296184078068,
        "sdNNI5": 15.794556252131342,
        "medianNN": 6.6312997347480405,
        "madNN": 173.52384231365102,
        "hcvNN": 26.167395420898455,
        "iqrNN": 352.85469247733397,
        "pNN50": 2.653580516175936,
        "pNN20": 18.920392584514723,
        "sdsd": 18.42711962480751,
        "rmssd": 18.42726102150025,
        "cvNN": 0.22984267355641516,
        "cvsd": 0.018953564229733738,
        "tiNN": null,
        "HTI": 29.12169312169312,
        "sd1": 13.031125300166243,
        "sd2": 315.75193676713855,
        "sd1sd2": 24.230596321801187,
        "cvi": 4.818447926521177,
        "csi": 24.230596321801187,
        "csiModified": 30603.430870525714,
        "lf": 1097.279167356234,
        "hf": 49.37475481897533,
        "lf_hf_ratio": 22.223485896370182,
        "lfnu": 95.69401422136933,
        "hfnu": 4.3059857786306726,
        "total_power": 10649.11895002904,
        "vlf": 9502.465027853832,
        "GI": 49.66824562118048,
        "SI": 49.68642539431081,
        "AI": 49.66004388240004,
        "PI": 50.015202189115236,
        "C1d": 0.5096836693792047,
        "C1a": 0.4903163306207954,
        "SD1d": 9.303269727912028,
        "SD1a": 9.124801640347014,
        "C2d": 0.5005725961046537,
        "C2a": 0.49942740389534634,
        "SD2d": 223.40239614313393,
        "SD2a": 223.14670378414604,
        "Cd": 0.5005880875667088,
        "Ca": 0.49941191243329125,
        "SDNNd": 158.10626399691446,
        "SDNNa": 157.92041257339898,
        "PIP": 0.39861918604651164,
        "IALS": 0.3335360291882031,
        "PSS": 0.0009115770282588879,
        "PAS": 0.0,
        "baseline": 44.0,
        "minimum": 42.0,
        "maximum": 133.0
    },
    "spo2": {
        "AV": 94.38219178082193,
        "MED": 94.66666666666667,
        "Min": 87.33333333333333,
        "SD": 2.503276891615632,
        "RG": 12.666666666666671,
        "P": 88.685,
        "M": 27.173913043478258,
        "ZC": 3,
        "DI": 1.4054783950617293,
        "CA": 1.075231481481488,
        "CT": 3.7037037037037037,
        "POD": 0.20833333333333334,
        "AODmax": 0.5254629629629629,
        "AOD100": 1.5231481481481481,
        "ODI": 33.33333333333333
    },
    "sleep": {
        "duration": 27600.0,
        "startOffset": 15000,
        "unmeasurableSleepDurationInSeconds": 840.0,
        "deepSleepDurationInSeconds": 2760.0,
        "lightSleepDurationInSeconds": 13500.0,
        "remSleepInSeconds": 10500.0,
        "awakeDurationInSeconds": 240.0
    },
    "respiration": {
        "mean": 12.435729847494553,
        "var": 0.7077429858411526,
        "sdbb": 0.8412746197533558,
        "sdsd": 0.12606060561393223,
        "rmssd": 0.12606266063294388,
        "sd1": 0.0892357812797192,
        "sd2": 0.4749421401629612,
        "sd1sd2": 5.322328480256185,
        "ApEn": 0.34509317085014146,
        "SampEn": 0.17788177849974443,
        "DFA_alpha1": 1.5278598292833923,
        "DFA_alpha1_ExpRange": 0.8227995547444054,
        "DFA_alpha1_ExpMean": 1.2658651249460262,
        "DFA_alpha1_DimRange": 1.0622377442780384,
        "DFA_alpha1_DimMean": 0.9576025657451354,
        "DFA_alpha2": 1.208303282469912,
        "DFA_alpha2_ExpRange": 31.592075749407833,
        "DFA_alpha2_ExpMean": 16.613286369237173,
        "DFA_alpha2_DimRange": 11.454620158311252,
        "DFA_alpha2_DimMean": 2.0199846088314826
    }
}