{
    "baseDate": 1651104000,
    "baseDateOffset": 7200,
    "steps": {
        "Mean_per_15min": 125.95833333333333,
        "Total": 12092.0,
        "12AM-6AM": 157.0,
        "6AM-12PM": 4782.0,
        "12PM-6PM": 2806.0,
        "6PM-12AM": 4347.0
    },
    "calories": {
        "total": 2341.25,
        "active": 565,
        "basal": 1776
    },
    "heartRate": {
        "mean": 68.0,
        "std": 13.268835439299204,
        "maxTime": 86085,
        "minTime": 13365,
        "linearTrend": 0.00027126402642383226,
        "quadraticTrend": -2.525807042495255e-09,
        "r2": 0.24025926580194668,
        "meanNN": 925.364220359624,
        "sdNN": 166.6150408058497,
        "sdaNN1": 165.315323084356,
        "sdNNI1": 14.63378911699643,
        "sdaNN2": 165.27177452905354,
        "sdNNI2": 14.29390737530931,
        "sdaNN5": 165.3950695329536,
        "sdNNI5": 16.118152960260616,
        "medianNN": 5.669023510700185,
        "madNN": 128.1442809682011,
        "hcvNN": 22.604295206455035,
        "iqrNN": 247.25842071546572,
        "pNN50": 1.6669560687619378,
        "pNN20": 16.657038320816483,
        "sdsd": 16.401761092682218,
        "rmssd": 16.40206859154749,
        "cvNN": 0.18007080406989573,
        "cvsd": 0.01772498680051965,
        "tiNN": null,
        "HTI": 31.484848484848484,
        "sd1": 11.598913114240991,
        "sd2": 235.36630671584857,
        "sd1sd2": 20.292100164701548,
        "cvi": 4.640281570464976,
        "csi": 20.292100164701548,
        "csiModified": 19104.306685095464,
        "lf": 844.0062169251162,
        "hf": 45.40904453759526,
        "lf_hf_ratio": 18.58674247652013,
        "lfnu": 94.8945058056552,
        "hfnu": 5.1054941943447885,
        "total_power": 7672.505663290499,
        "vlf": 6783.090401827788,
        "GI": 49.48923176877347,
        "SI": 49.41828298623875,
        "AI": 49.54798050525452,
        "PI": 49.13057224154284,
        "C1d": 0.48071520199694806,
        "C1a": 0.5192847980030517,
        "SD1d": 8.042098080860018,
        "SD1a": 8.358497976967287,
        "C2d": 0.49935780544147124,
        "C2a": 0.5006421945585289,
        "SD2d": 166.28859098053294,
        "SD2a": 166.50230757285155,
        "Cd": 0.49931262083725775,
        "Ca": 0.5006873791627422,
        "SDNNd": 117.72121905551514,
        "SDNNa": 117.88316867881399,
        "PIP": 0.40596727622714146,
        "IALS": 0.3335441036990199,
        "PSS": 0.0009478672985781991,
        "PAS": 0.0,
        "baseline": 49.0,
        "minimum": 46.0,
        "maximum": 127.0
    },
    "spo2": {
        "AV": 91.21058558558558,
        "MED": 92.33333333333333,
        "Min": 74.66666666666667,
        "SD": 4.871985919954682,
        "RG": 24.666666666666657,
        "P": 75.48333333333333,
        "M": 21.855670103092784,
        "ZC": 11,
        "DI": 2.687642450142447,
        "CA": 1.993390883729837,
        "CT": 35.6401384083045,
        "POD": 0.38408304498269896,
        "AODmax": 3.162629757785467,
        "AOD100": 4.6055363321799305,
        "ODI": 37.37024221453287
    },
    "sleep": {
        "duration": 29100.0,
        "startOffset": 9120,
        "unmeasurableSleepDurationInSeconds": 0.0,
        "deepSleepDurationInSeconds": 4800.0,
        "lightSleepDurationInSeconds": 16320.0,
        "remSleepInSeconds": 7980.0,
        "awakeDurationInSeconds": 60.0
    },
    "respiration": {
        "mean": 12.286445012787723,
        "var": 0.8335502776669421,
        "sdbb": 0.9129897467479815,
        "sdsd": 0.16514585380951183,
        "rmssd": 0.16514747874038543,
        "sd1": 0.11692575414277417,
        "sd2": 0.5266840357948246,
        "sd1sd2": 4.5044313774680305,
        "ApEn": 0.3051754168327472,
        "SampEn": 0.10241710297446462,
        "DFA_alpha1": 1.387341083189886,
        "DFA_alpha1_ExpRange": 0.6731368355640235,
        "DFA_alpha1_ExpMean": 0.8299074776176237,
        "DFA_alpha1_DimRange": 1.070817015412441,
        "DFA_alpha1_DimMean": 0.2720384870594773,
        "DFA_alpha2": 1.382880810286373,
        "DFA_alpha2_ExpRange": 35.79495220098926,
        "DFA_alpha2_ExpMean": 18.970592889168827,
        "DFA_alpha2_DimRange": 13.017106927972302,
        "DFA_alpha2_DimMean": 2.289067352557032
    }
}