{
    "baseDate": 1649116800,
    "baseDateOffset": 7200,
    "steps": {
        "Mean_per_15min": 139.53125,
        "Total": 13395.0,
        "12AM-6AM": 576.0,
        "6AM-12PM": 10102.0,
        "12PM-6PM": 2513.0,
        "6PM-12AM": 204.0
    },
    "calories": {
        "total": 3442.25,
        "active": 1666,
        "basal": 1776
    },
    "heartRate": {
        "mean": 74.0,
        "std": 26.008254468786426,
        "maxTime": 44145,
        "minTime": 26685,
        "linearTrend": 0.00039878007989091344,
        "quadraticTrend": -2.0273715245056507e-08,
        "r2": 0.33513602297838313,
        "meanNN": 889.3355894833429,
        "sdNN": 240.95598024793443,
        "sdaNN1": 240.34567343748546,
        "sdNNI1": 12.096007423908356,
        "sdaNN2": 240.35265080271066,
        "sdNNI2": 11.84008882830229,
        "sdaNN5": 241.07511036199762,
        "sdNNI5": 12.88559889943188,
        "medianNN": 4.8074355002404445,
        "madNN": 177.20350715274583,
        "hcvNN": 36.860298415627824,
        "iqrNN": 362.7671541057367,
        "pNN50": 1.215488800138913,
        "pNN20": 11.919368974583698,
        "sdsd": 14.461589213765425,
        "rmssd": 14.461603289762202,
        "cvNN": 0.27096306100476025,
        "cvsd": 0.016261131861554794,
        "tiNN": null,
        "HTI": 31.357142857142858,
        "sd1": 10.226783982060182,
        "sd2": 340.63959276124024,
        "sd1sd2": 33.308574167479236,
        "cvi": 4.746154190091958,
        "csi": 33.308574167479236,
        "csiModified": 45384.87655947078,
        "lf": 678.678319193123,
        "hf": 33.331815215442354,
        "lf_hf_ratio": 20.361276900356057,
        "lfnu": 95.3186319120121,
        "hfnu": 4.681368087987902,
        "total_power": 7848.803485248724,
        "vlf": 7136.793350840159,
        "GI": 49.87614478073933,
        "SI": 49.893706894390036,
        "AI": 49.86365963039092,
        "PI": 49.809328248753296,
        "C1d": 0.5006952984130849,
        "C1a": 0.4993047015869152,
        "SD1d": 7.2364616008097515,
        "SD1a": 7.226405587343691,
        "C2d": 0.5074589076118876,
        "C2a": 0.4925410923881122,
        "SD2d": 242.6745038753524,
        "SD2a": 239.08093462759697,
        "Cd": 0.5074528175896743,
        "Ca": 0.4925471824103258,
        "SDNNd": 171.67306312821535,
        "SDNNa": 169.13295693051384,
        "PIP": 0.3984580339933415,
        "IALS": 0.33352889410384273,
        "PSS": 0.0008795074758135445,
        "PAS": 0.0,
        "baseline": 47.0,
        "minimum": 41.0,
        "maximum": 186.0
    },
    "spo2": {
        "AV": 95.0971370143149,
        "MED": 94.77777777777737,
        "Min": 87.0,
        "SD": 2.930108616203479,
        "RG": 13.0,
        "P": 88.66666666666667,
        "M": 22.700587084148726,
        "ZC": 4,
        "DI": 1.4842818428184295,
        "CA": 1.2050330253342605,
        "CT": 5.063291139240507,
        "POD": 0.08016877637130802,
        "AODmax": 0.2510548523206751,
        "AOD100": 0.3924050632911392,
        "ODI": 22.78481012658228
    },
    "sleep": {
        "duration": 30660.0,
        "startOffset": 14160,
        "unmeasurableSleepDurationInSeconds": 0.0,
        "deepSleepDurationInSeconds": 4500.0,
        "lightSleepDurationInSeconds": 14880.0,
        "remSleepInSeconds": 11280.0,
        "awakeDurationInSeconds": 240.0
    },
    "respiration": {
        "mean": 12.809803921568628,
        "var": 0.7030411380238342,
        "sdbb": 0.8384754844501042,
        "sdsd": 0.11610634305508488,
        "rmssd": 0.11610880187769843,
        "sd1": 0.08218034946075183,
        "sd2": 0.4635018834395623,
        "sd1sd2": 5.640057343159927,
        "ApEn": 0.3218038509578962,
        "SampEn": 0.16629828044589812,
        "DFA_alpha1": 1.5813375355783015,
        "DFA_alpha1_ExpRange": 0.45696182935097385,
        "DFA_alpha1_ExpMean": 1.6240018129097582,
        "DFA_alpha1_DimRange": 1.4750113804310425,
        "DFA_alpha1_DimMean": 0.6460228502222705,
        "DFA_alpha2": 0.9940821146489264,
        "DFA_alpha2_ExpRange": 36.5592729199664,
        "DFA_alpha2_ExpMean": 18.818817988208437,
        "DFA_alpha2_DimRange": 13.757595763622707,
        "DFA_alpha2_DimMean": 1.8454761302474343
    }
}