{
    "baseDate": 1651190400,
    "baseDateOffset": 7200,
    "steps": {
        "Mean_per_15min": 274.6458333333333,
        "Total": 26366.0,
        "12AM-6AM": 11205.0,
        "6AM-12PM": 5131.0,
        "12PM-6PM": 7547.0,
        "6PM-12AM": 2483.0
    },
    "calories": {
        "total": 3428.25,
        "active": 1652,
        "basal": 1776
    },
    "heartRate": {
        "mean": 78.0,
        "std": 22.358929181526,
        "maxTime": 24945,
        "minTime": 9945,
        "linearTrend": 2.9552409323131607e-06,
        "quadraticTrend": -1.4216720963164388e-08,
        "r2": 0.12702447910920048,
        "meanNN": 822.534267021195,
        "sdNN": 182.6610892405088,
        "sdaNN1": 181.7437987597683,
        "sdNNI1": 12.57292965671326,
        "sdaNN2": 181.81551682140162,
        "sdNNI2": 12.705542975075275,
        "sdaNN5": 181.58204555802325,
        "sdNNI5": 12.299369853317259,
        "medianNN": 5.120036409147701,
        "madNN": 132.2626358053849,
        "hcvNN": 25.83236235763444,
        "iqrNN": 264.8924263151349,
        "pNN50": 1.0765757944087515,
        "pNN20": 12.081618041882942,
        "sdsd": 14.190271528719823,
        "rmssd": 14.19053783457663,
        "cvNN": 0.22209096208554976,
        "cvsd": 0.017252214775157777,
        "tiNN": null,
        "HTI": 26.879807692307693,
        "sd1": 10.034934844127225,
        "sd2": 258.14992648116436,
        "sd1sd2": 25.725122334226437,
        "cvi": 4.617506545356022,
        "csi": 25.725122334226437,
        "csiModified": 26563.753757198054,
        "lf": 640.3913621798371,
        "hf": 41.645820834994986,
        "lf_hf_ratio": 15.377085847752488,
        "lfnu": 93.89390756514086,
        "hfnu": 6.106092434859131,
        "total_power": 7004.2554129715545,
        "vlf": 6322.218229956722,
        "GI": 50.51221007575024,
        "SI": 50.53546406053907,
        "AI": 50.487276177539684,
        "PI": 48.333333333333336,
        "C1d": 0.5058873902750312,
        "C1a": 0.4941126097249686,
        "SD1d": 7.137557737858916,
        "SD1a": 7.054003581558035,
        "C2d": 0.4882324084369149,
        "C2a": 0.5117675915630848,
        "SD2d": 180.3651417007718,
        "SD2a": 184.66121779583122,
        "Cd": 0.48825905113485274,
        "Ca": 0.5117409488651472,
        "SDNNd": 127.6372380443904,
        "SDNNa": 130.6704333894398,
        "PIP": 0.4226435342514756,
        "IALS": 0.3338983050847458,
        "PSS": 0.0025380710659898475,
        "PAS": 0.0,
        "baseline": 53.0,
        "minimum": 51.0,
        "maximum": 191.0
    },
    "spo2": {
        "AV": 93.86004273504273,
        "MED": 93.33333333333333,
        "Min": 86.0,
        "SD": 3.168715106649212,
        "RG": 14.0,
        "P": 86.36999999999999,
        "M": 14.240506329113925,
        "ZC": 11,
        "DI": 2.139777777777782,
        "CA": 1.3765715894163948,
        "CT": 14.726027397260275,
        "POD": 0.6198630136986302,
        "AODmax": 3.0993150684931505,
        "AOD100": 4.472602739726027,
        "ODI": 86.30136986301369
    },
    "sleep": {
        "duration": 18960.0,
        "startOffset": 6000,
        "unmeasurableSleepDurationInSeconds": 0.0,
        "deepSleepDurationInSeconds": 1320.0,
        "lightSleepDurationInSeconds": 13620.0,
        "remSleepInSeconds": 4020.0,
        "awakeDurationInSeconds": 120.0
    },
    "respiration": {
        "mean": 13.11111111111111,
        "var": 0.8035273368606712,
        "sdbb": 0.8963968634821688,
        "sdsd": 0.11990893744944271,
        "rmssd": 0.11990893744944271,
        "sd1": 0.08492375954997536,
        "sd2": 0.45621784118385755,
        "sd1sd2": 5.37208719446041,
        "ApEn": 0.370009996253462,
        "SampEn": 0.18338121568297988,
        "DFA_alpha1": 1.499061955769501,
        "DFA_alpha1_ExpRange": 0.9084878620857508,
        "DFA_alpha1_ExpMean": 1.0628412133193084,
        "DFA_alpha1_DimRange": 1.1186553905564374,
        "DFA_alpha1_DimMean": 0.5041270925385246,
        "DFA_alpha2": 1.210491333502602,
        "DFA_alpha2_ExpRange": 0.6708830102986645,
        "DFA_alpha2_ExpMean": 0.8249263563344655,
        "DFA_alpha2_DimRange": 1.307386310059968,
        "DFA_alpha2_DimMean": 0.8151782222674615
    }
}